subject,idna_subject,expiration_date,epoch
2znp09oa.com,2znp09oa.com,24-feb-2021,1614124800.0
4jnzhl0d0.com,4jnzhl0d0.com,24-feb-2021,1614124800.0
5mcwl.pw,5mcwl.pw,14-apr-2021,1618358400.0
6ldu6qa.com,6ldu6qa.com,24-feb-2021,1614124800.0
82o9v830.com,82o9v830.com,24-feb-2021,1614124800.0
abruptroad.com,abruptroad.com,21-mar-2021,1616284800.0
acquireattention.com,acquireattention.com,30-may-2021,1622332800.0
actuallysheep.com,actuallysheep.com,21-mar-2021,1616284800.0
adiode.com,adiode.com,08-jun-2021,1623110400.0
adnxs.com,adnxs.com,27-may-2022,1653609600.0
advertisementafterthought.com,advertisementafterthought.com,27-feb-2021,1614384000.0
afraidlanguage.com,afraidlanguage.com,30-may-2021,1622332800.0
agreeableprice.com,agreeableprice.com,07-jun-2021,1623024000.0
ak0gsh40.com,ak0gsh40.com,24-feb-2021,1614124800.0
alikearm.com,alikearm.com,24-aug-2021,1629763200.0
ambitiousagreement.com,ambitiousagreement.com,03-apr-2021,1617408000.0
apathetictheory.com,apathetictheory.com,17-aug-2021,1629158400.0
ar1nvz5.com,ar1nvz5.com,24-feb-2021,1614124800.0
archswimming.com,archswimming.com,19-jun-2021,1624060800.0
argyresthia.com,argyresthia.com,03-aug-2021,1627948800.0
ariseboundary.com,ariseboundary.com,06-feb-2021,1612569600.0
arithmeticadjustment.com,arithmeticadjustment.com,08-oct-2021,1633651200.0
auntants.com,auntants.com,14-mar-2021,1615680000.0
awzbijw.com,awzbijw.com,24-feb-2021,1614124800.0
balancebreath.com,balancebreath.com,26-feb-2021,1614297600.0
balloontexture.com,balloontexture.com,26-feb-2022,1645833600.0
battlehope.com,battlehope.com,24-aug-2021,1629763200.0
bawdybeast.com,bawdybeast.com,03-aug-2021,1627948800.0
beamincrease.com,beamincrease.com,26-feb-2021,1614297600.0
beastbeef.com,beastbeef.com,27-feb-2021,1614384000.0
bestboundary.com,bestboundary.com,27-feb-2022,1645920000.0
bhcumsc.com,bhcumsc.com,24-feb-2021,1614124800.0
billowybead.com,billowybead.com,30-may-2021,1622332800.0
blushingboundary.com,blushingboundary.com,17-aug-2021,1629158400.0
boilingumbrella.com,boilingumbrella.com,17-aug-2021,1629158400.0
boredcrown.com,boredcrown.com,03-aug-2021,1627948800.0
briefbears.com,briefbears.com,30-may-2021,1622332800.0
broadboundary.com,broadboundary.com,21-mar-2021,1616284800.0
btez8.xyz,btez8.xyz,27-jul-2021,1627344000.0
businessbells.com,businessbells.com,26-feb-2021,1614297600.0
butterburst.com,butterburst.com,30-may-2021,1622332800.0
calculatingcircle.com,calculatingcircle.com,17-aug-2021,1629158400.0
calculatingtoothbrush.com,calculatingtoothbrush.com,24-aug-2021,1629763200.0
callousbrake.com,callousbrake.com,17-aug-2021,1629158400.0
cannonjudo.com,cannonjudo.com,30-may-2021,1622332800.0
cannontwin.com,cannontwin.com,19-mar-2022,1647648000.0
capablecup.com,capablecup.com,26-jan-2021,1611619200.0
captainbicycle.com,captainbicycle.com,19-jun-2021,1624060800.0
carscannon.com,carscannon.com,30-may-2021,1622332800.0
cautiouscredit.com,cautiouscredit.com,30-may-2021,1622332800.0
chesscolor.com,chesscolor.com,30-may-2021,1622332800.0
chickensstation.com,chickensstation.com,03-apr-2021,1617408000.0
chunkycactus.com,chunkycactus.com,06-feb-2021,1612569600.0
cloudsdestruction.com,cloudsdestruction.com,26-jan-2021,1611619200.0
coin-hive.com,coin-hive.com,24-aug-2021,1629763200.0
commandwalk.com,commandwalk.com,13-jun-2021,1623542400.0
consciousdirt.com,consciousdirt.com,27-feb-2021,1614384000.0
consistpotato.com,consistpotato.com,24-aug-2021,1629763200.0
coordinatedbedroom.com,coordinatedbedroom.com,30-may-2021,1622332800.0
copperchickens.com,copperchickens.com,21-mar-2021,1616284800.0
correctchaos.com,correctchaos.com,27-feb-2021,1614384000.0
crawlclocks.com,crawlclocks.com,26-feb-2021,1614297600.0
crayoncompetition.com,crayoncompetition.com,05-mar-2021,1614902400.0
critictruck.com,critictruck.com,19-jun-2021,1624060800.0
culturedcrayon.com,culturedcrayon.com,30-may-2022,1653868800.0
cumbersomecloud.com,cumbersomecloud.com,17-aug-2021,1629158400.0
cutecushion.com,cutecushion.com,26-feb-2021,1614297600.0
cuteturkey.com,cuteturkey.com,06-feb-2021,1612569600.0
dancemistake.com,dancemistake.com,19-jun-2021,1624060800.0
deadpantruck.com,deadpantruck.com,17-aug-2021,1629158400.0
decisiveducks.com,decisiveducks.com,03-apr-2021,1617408000.0
decoycreation.com,decoycreation.com,19-jun-2021,1624060800.0
defectivesun.com,defectivesun.com,17-aug-2021,1629158400.0
deploygate.com,deploygate.com,28-jun-2021,1624838400.0
desertedrat.com,desertedrat.com,17-aug-2021,1629158400.0
detailedglue.com,detailedglue.com,17-aug-2021,1629158400.0
differentdesk.com,differentdesk.com,26-jul-2021,1627257600.0
discreetfield.com,discreetfield.com,17-aug-2021,1629158400.0
divergentoffer.com,divergentoffer.com,14-mar-2021,1615680000.0
dk4ywix.com,dk4ywix.com,24-feb-2021,1614124800.0
docksalmon.com,docksalmon.com,19-jun-2021,1624060800.0
donkeyleaf.com,donkeyleaf.com,27-feb-2021,1614384000.0
doubtfulrainstorm.com,doubtfulrainstorm.com,03-apr-2021,1617408000.0
dq95d35.com,dq95d35.com,24-feb-2021,1614124800.0
draconiancurve.com,draconiancurve.com,24-aug-2021,1629763200.0
dragzebra.com,dragzebra.com,03-apr-2021,1617408000.0
dripappliance.com,dripappliance.com,24-aug-2021,1629763200.0
driverequest.com,driverequest.com,27-feb-2021,1614384000.0
drivingdirt.com,drivingdirt.com,30-may-2021,1622332800.0
efficaciouscactus.com,efficaciouscactus.com,27-feb-2021,1614384000.0
elasticchange.com,elasticchange.com,03-aug-2021,1627948800.0
elderlyinsect.com,elderlyinsect.com,24-aug-2021,1629763200.0
elderlyscissors.com,elderlyscissors.com,17-aug-2021,1629158400.0
elderlytown.com,elderlytown.com,17-aug-2021,1629158400.0
elephantqueue.com,elephantqueue.com,19-jun-2021,1624060800.0
eliminateeffect.com,eliminateeffect.com,26-jan-2021,1611619200.0
encourageidea.com,encourageidea.com,08-oct-2021,1633651200.0
erraticreaction.com,erraticreaction.com,27-feb-2021,1614384000.0
errortablet.com,errortablet.com,19-jun-2021,1624060800.0
evanescentedge.com,evanescentedge.com,27-feb-2022,1645920000.0
evolveplatform.net,evolveplatform.net,05-feb-2021,1612483200.0
exclusivebrass.com,exclusivebrass.com,21-mar-2021,1616284800.0
experienceeggs.com,experienceeggs.com,27-feb-2021,1614384000.0
farethief.com,farethief.com,19-jun-2021,1624060800.0
floodprincipal.com,floodprincipal.com,19-jun-2021,1624060800.0
floweryoperation.com,floweryoperation.com,30-may-2021,1622332800.0
fourfork.com,fourfork.com,24-aug-2021,1629763200.0
frailoffer.com,frailoffer.com,03-aug-2021,1627948800.0
franticcarpenter.com,franticcarpenter.com,30-may-2021,1622332800.0
fullstory.com,fullstory.com,08-aug-2027,1817683200.0
functionalclam.com,functionalclam.com,21-jun-2021,1624233600.0
futuristicapparatus.com,futuristicapparatus.com,17-aug-2021,1629158400.0
futuristicfairies.com,futuristicfairies.com,03-apr-2021,1617408000.0
futuristicfold.com,futuristicfold.com,14-mar-2021,1615680000.0
fuzzyflavor.com,fuzzyflavor.com,03-apr-2021,1617408000.0
ga87z2o.com,ga87z2o.com,07-may-2021,1620345600.0
giddycoat.com,giddycoat.com,03-aug-2021,1627948800.0
giftedthumb.com,giftedthumb.com,30-may-2021,1622332800.0
giraffepiano.com,giraffepiano.com,27-feb-2021,1614384000.0
gloriousbeef.com,gloriousbeef.com,30-may-2021,1622332800.0
gloriouscracker.com,gloriouscracker.com,27-feb-2021,1614384000.0
gondolagnome.com,gondolagnome.com,19-jun-2021,1624060800.0
gorgeousground.com,gorgeousground.com,26-feb-2021,1614297600.0
gossipmiser.com,gossipmiser.com,19-jun-2021,1624060800.0
greasemotion.com,greasemotion.com,24-aug-2021,1629763200.0
greasysquare.com,greasysquare.com,27-feb-2021,1614384000.0
greetzebra.com,greetzebra.com,26-feb-2021,1614297600.0
greyinstrument.com,greyinstrument.com,03-apr-2021,1617408000.0
groceriesgiftcards.com,groceriesgiftcards.com,22-apr-2021,1619049600.0
guardedschool.com,guardedschool.com,17-aug-2021,1629158400.0
h78xb.pw,h78xb.pw,14-apr-2021,1618358400.0
handleteeth.com,handleteeth.com,30-may-2021,1622332800.0
handyfield.com,handyfield.com,06-feb-2021,1612569600.0
happenhistory.com,happenhistory.com,30-may-2021,1622332800.0
headyhook.com,headyhook.com,30-may-2021,1622332800.0
heavyplayground.com,heavyplayground.com,05-mar-2021,1614902400.0
hfc195b.com,hfc195b.com,24-feb-2021,1614124800.0
highfalutinbox.com,highfalutinbox.com,30-may-2021,1622332800.0
homelycrown.com,homelycrown.com,30-may-2021,1622332800.0
humdrumhat.com,humdrumhat.com,27-feb-2021,1614384000.0
hystericalhelp.com,hystericalhelp.com,17-aug-2021,1629158400.0
i9w8p.pw,i9w8p.pw,14-apr-2021,1618358400.0
icebergindigo.com,icebergindigo.com,25-sep-2022,1664064000.0
illustriousoatmeal.com,illustriousoatmeal.com,21-mar-2022,1647820800.0
immensehoney.com,immensehoney.com,17-aug-2021,1629158400.0
impossiblemove.com,impossiblemove.com,30-may-2021,1622332800.0
informengine.com,informengine.com,27-feb-2022,1645920000.0
innocentwax.com,innocentwax.com,03-aug-2021,1627948800.0
inscname.net,inscname.net,08-jul-2021,1625702400.0
internalsink.com,internalsink.com,27-feb-2021,1614384000.0
inventionpassenger.com,inventionpassenger.com,27-feb-2023,1677456000.0
ivykiosk.com,ivykiosk.com,19-jun-2021,1624060800.0
j93557g.com,j93557g.com,24-feb-2021,1614124800.0
jamexistence.com,jamexistence.com,30-may-2021,1622332800.0
jsecoin.com,jsecoin.com,28-jul-2023,1690502400.0
k54nw.pw,k54nw.pw,14-apr-2021,1618358400.0
knifeoctopus.com,knifeoctopus.com,19-jun-2021,1624060800.0
languagelake.com,languagelake.com,05-mar-2021,1614902400.0
leaplunchroom.com,leaplunchroom.com,27-feb-2021,1614384000.0
lightcushion.com,lightcushion.com,17-aug-2021,1629158400.0
livelumber.com,livelumber.com,27-feb-2021,1614384000.0
loudloss.com,loudloss.com,21-mar-2021,1616284800.0
lp3tdqle.com,lp3tdqle.com,24-feb-2021,1614124800.0
maniacalappliance.com,maniacalappliance.com,24-aug-2021,1629763200.0
markedcrayon.com,markedcrayon.com,06-feb-2021,1612569600.0
materialisticfan.com,materialisticfan.com,05-mar-2021,1614902400.0
medusasailor.com,medusasailor.com,27-feb-2021,1614384000.0
messagenovice.com,messagenovice.com,19-jun-2021,1624060800.0
mimosamajor.com,mimosamajor.com,19-mar-2021,1616112000.0
mixedreading.com,mixedreading.com,21-mar-2021,1616284800.0
motionlessbag.com,motionlessbag.com,06-feb-2021,1612569600.0
mountaintail.com,mountaintail.com,01-aug-2022,1659312000.0
movable-ink-2183.com,movable-ink-2183.com,11-feb-2021,1613001600.0
mowfruit.com,mowfruit.com,26-feb-2021,1614297600.0
necessarywax.com,necessarywax.com,30-may-2021,1622332800.0
nervoussummer.com,nervoussummer.com,03-aug-2021,1627948800.0
niftyhospital.com,niftyhospital.com,08-oct-2021,1633651200.0
niftyjelly.com,niftyjelly.com,24-aug-2021,1629763200.0
noiselessplough.com,noiselessplough.com,17-aug-2021,1629158400.0
nondescriptcrowd.com,nondescriptcrowd.com,17-aug-2021,1629158400.0
nostalgicknot.com,nostalgicknot.com,27-feb-2021,1614384000.0
nullnorth.com,nullnorth.com,14-mar-2021,1615680000.0
omniscientfeeling.com,omniscientfeeling.com,08-oct-2021,1633651200.0
oppositeoperation.com,oppositeoperation.com,30-may-2022,1653868800.0
orangeoperation.com,orangeoperation.com,27-feb-2021,1614384000.0
paddleangle.com,paddleangle.com,30-may-2021,1622332800.0
paleleaf.com,paleleaf.com,03-aug-2021,1627948800.0
parsimoniouspolice.com,parsimoniouspolice.com,17-aug-2021,1629158400.0
penspade.com,penspade.com,30-may-2021,1622332800.0
petiteumbrella.com,petiteumbrella.com,03-apr-2021,1617408000.0
piano.io,piano.io,04-aug-2022,1659571200.0
pigspie.com,pigspie.com,24-aug-2021,1629763200.0
pizzasnut.com,pizzasnut.com,24-aug-2021,1629763200.0
possibleboats.com,possibleboats.com,21-mar-2021,1616284800.0
prefixpatriot.com,prefixpatriot.com,30-may-2021,1622332800.0
productivepear.com,productivepear.com,06-feb-2021,1612569600.0
profitrumour.com,profitrumour.com,19-jun-2021,1624060800.0
puffyloss.com,puffyloss.com,03-aug-2021,1627948800.0
puffypurpose.com,puffypurpose.com,17-aug-2021,1629158400.0
puzzlingfall.com,puzzlingfall.com,21-jun-2021,1624233600.0
quaintcan.com,quaintcan.com,03-apr-2021,1617408000.0
quantummetric.com,quantummetric.com,01-sep-2022,1661990400.0
quizzicalzephyr.com,quizzicalzephyr.com,17-aug-2021,1629158400.0
raresummer.com,raresummer.com,17-aug-2021,1629158400.0
readgoldfish.com,readgoldfish.com,03-apr-2021,1617408000.0
readingguilt.com,readingguilt.com,19-jun-2021,1624060800.0
readingopera.com,readingopera.com,19-jun-2021,1624060800.0
readymoon.com,readymoon.com,17-aug-2021,1629158400.0
rebelsubway.com,rebelsubway.com,03-apr-2021,1617408000.0
receptivereaction.com,receptivereaction.com,17-aug-2021,1629158400.0
referdriving.com,referdriving.com,24-aug-2021,1629763200.0
repeatsweater.com,repeatsweater.com,30-may-2021,1622332800.0
resonantbrush.com,resonantbrush.com,24-aug-2021,1629763200.0
resonantrock.com,resonantrock.com,06-feb-2021,1612569600.0
richstring.com,richstring.com,17-aug-2021,1629158400.0
roosterfirework.com,roosterfirework.com,26-jan-2021,1611619200.0
rpxnow.com,rpxnow.com,01-sep-2021,1630454400.0
samsungads.com,samsungads.com,26-jun-2024,1719360000.0
savorystructure.com,savorystructure.com,06-feb-2021,1612569600.0
saysidewalk.com,saysidewalk.com,26-feb-2021,1614297600.0
scarcesign.com,scarcesign.com,03-aug-2021,1627948800.0
scientificshirt.com,scientificshirt.com,24-aug-2021,1629763200.0
scintillatingspace.com,scintillatingspace.com,26-feb-2021,1614297600.0
scrubsky.com,scrubsky.com,21-mar-2021,1616284800.0
sdad.guru,sdad.guru,19-jun-2022,1655596800.0
separatesilver.com,separatesilver.com,03-apr-2022,1648944000.0
shakesea.com,shakesea.com,21-mar-2021,1616284800.0
shakesuggestion.com,shakesuggestion.com,27-feb-2021,1614384000.0
shallowsmile.com,shallowsmile.com,17-aug-2021,1629158400.0
sharppatch.com,sharppatch.com,03-apr-2021,1617408000.0
shockinggrass.com,shockinggrass.com,24-aug-2021,1629763200.0
shockingship.com,shockingship.com,27-feb-2021,1614384000.0
sicksmash.com,sicksmash.com,17-aug-2021,1629158400.0
sillyscrew.com,sillyscrew.com,17-aug-2021,1629158400.0
similarsabine.com,similarsabine.com,21-mar-2021,1616284800.0
sincerebuffalo.com,sincerebuffalo.com,05-oct-2021,1633392000.0
slaysweater.com,slaysweater.com,30-may-2021,1622332800.0
smilingwaves.com,smilingwaves.com,17-aug-2021,1629158400.0
snakesshop.com,snakesshop.com,14-mar-2021,1615680000.0
sneakystamp.com,sneakystamp.com,21-mar-2021,1616284800.0
sootheside.com,sootheside.com,26-jan-2021,1611619200.0
sorethunder.com,sorethunder.com,30-may-2021,1622332800.0
sparklingnumber.com,sparklingnumber.com,08-oct-2021,1633651200.0
spidersboats.com,spidersboats.com,27-feb-2021,1614384000.0
spiffymachine.com,spiffymachine.com,17-aug-2021,1629158400.0
spirebaboon.com,spirebaboon.com,19-jun-2021,1624060800.0
spookyslope.com,spookyslope.com,27-feb-2021,1614384000.0
spottednoise.com,spottednoise.com,26-jan-2021,1611619200.0
spottedsnow.com,spottedsnow.com,27-feb-2021,1614384000.0
spuriousstranger.com,spuriousstranger.com,24-aug-2021,1629763200.0
squeakzinc.com,squeakzinc.com,07-jan-2022,1641513600.0
stickssheep.com,stickssheep.com,27-feb-2021,1614384000.0
stiffstem.com,stiffstem.com,24-aug-2021,1629763200.0
storescissors.com,storescissors.com,14-mar-2022,1647216000.0
storesurprise.com,storesurprise.com,26-feb-2021,1614297600.0
stormyachiever.com,stormyachiever.com,03-apr-2022,1648944000.0
stormysponge.com,stormysponge.com,21-mar-2021,1616284800.0
stripedburst.com,stripedburst.com,24-aug-2021,1629763200.0
strivesidewalk.com,strivesidewalk.com,03-apr-2021,1617408000.0
subsequentswim.com,subsequentswim.com,24-aug-2021,1629763200.0
succeedscene.com,succeedscene.com,03-apr-2021,1617408000.0
sugarcurtain.com,sugarcurtain.com,26-feb-2021,1614297600.0
summerhamster.com,summerhamster.com,03-jul-2021,1625270400.0
swimslope.com,swimslope.com,03-apr-2021,1617408000.0
swordgoose.com,swordgoose.com,19-jun-2021,1624060800.0
tarttendency.com,tarttendency.com,06-feb-2021,1612569600.0
tdzvm.pw,tdzvm.pw,14-apr-2021,1618358400.0
tendertest.com,tendertest.com,24-aug-2021,1629763200.0
thefilter.com,thefilter.com,01-aug-2021,1627776000.0
thingsafterthought.com,thingsafterthought.com,27-feb-2021,1614384000.0
thinkabletrick.com,thinkabletrick.com,30-may-2021,1622332800.0
thirdrespect.com,thirdrespect.com,03-apr-2021,1617408000.0
thirstytwig.com,thirstytwig.com,17-aug-2021,1629158400.0
thomastorch.com,thomastorch.com,27-feb-2021,1614384000.0
throattrees.com,throattrees.com,26-feb-2021,1614297600.0
ticklesign.com,ticklesign.com,26-feb-2021,1614297600.0
tidytrail.com,tidytrail.com,30-jul-2021,1627603200.0
toedrawer.com,toedrawer.com,05-mar-2021,1614902400.0
tremendoustreatment.com,tremendoustreatment.com,14-mar-2021,1615680000.0
trickycelery.com,trickycelery.com,03-apr-2021,1617408000.0
typicalteeth.com,typicalteeth.com,17-aug-2021,1629158400.0
tzwaw.pw,tzwaw.pw,14-apr-2021,1618358400.0
uaswitcher.org,uaswitcher.org,29-jun-2021,1624924800.0
ultraoranges.com,ultraoranges.com,21-mar-2021,1616284800.0
unarmedindustry.com,unarmedindustry.com,17-aug-2021,1629158400.0
unknowntray.com,unknowntray.com,03-aug-2021,1627948800.0
unusualtitle.com,unusualtitle.com,21-mar-2021,1616284800.0
usedexample.com,usedexample.com,24-aug-2021,1629763200.0
usekahuna.com,usekahuna.com,01-sep-2021,1630454400.0
vanfireworks.com,vanfireworks.com,19-jun-2021,1624060800.0
voicevegetable.com,voicevegetable.com,26-feb-2021,1614297600.0
volantix.com,volantix.com,16-feb-2021,1613433600.0
vungle.com,vungle.com,26-oct-2022,1666742400.0
wateryvan.com,wateryvan.com,03-apr-2021,1617408000.0
whirlwealth.com,whirlwealth.com,06-feb-2021,1612569600.0
whiskyqueue.com,whiskyqueue.com,19-jun-2021,1624060800.0
whisperingbadge.com,whisperingbadge.com,24-aug-2021,1629763200.0
wigglygeese.com,wigglygeese.com,24-aug-2021,1629763200.0
wirecomic.com,wirecomic.com,19-jun-2021,1624060800.0
womanear.com,womanear.com,24-aug-2021,1629763200.0
worrybutter.com,worrybutter.com,19-jun-2021,1624060800.0
wrongpotato.com,wrongpotato.com,30-may-2021,1622332800.0
xovq5nemr.com,xovq5nemr.com,24-feb-2021,1614124800.0
youngmarble.com,youngmarble.com,27-feb-2021,1614384000.0
zbwp6ghm.com,zbwp6ghm.com,24-feb-2022,1645660800.0
zlp6s.pw,zlp6s.pw,14-apr-2021,1618358400.0
aboardlevel.com,aboardlevel.com,05-oct-2022,1664928000.0
aboriginalboats.com,aboriginalboats.com,08-oct-2021,1633651200.0
absentstream.com,absentstream.com,13-dec-2021,1639353600.0
absurdwater.com,absurdwater.com,13-dec-2021,1639353600.0
acridtwist.com,acridtwist.com,30-nov-2021,1638230400.0
adtrackers.net,adtrackers.net,19-sep-2021,1632009600.0
agreeabletouch.com,agreeabletouch.com,08-oct-2021,1633651200.0
alertafterthought.com,alertafterthought.com,07-jan-2022,1641513600.0
anxiousapples.com,anxiousapples.com,21-oct-2021,1634774400.0
asadcdn.com,asadcdn.com,21-jan-2022,1642723200.0
attractivecap.com,attractivecap.com,07-jan-2022,1641513600.0
awakebird.com,awakebird.com,07-jan-2022,1641513600.0
bannertrack.net,bannertrack.net,19-sep-2021,1632009600.0
barbarousnerve.com,barbarousnerve.com,13-dec-2021,1639353600.0
baskettexture.com,baskettexture.com,22-jan-2022,1642809600.0
battlebalance.com,battlebalance.com,08-oct-2021,1633651200.0
bedsbreath.com,bedsbreath.com,12-jan-2022,1641945600.0
bewilderedblade.com,bewilderedblade.com,05-oct-2021,1633392000.0
blushingbeast.com,blushingbeast.com,05-oct-2021,1633392000.0
boilingbeetle.com,boilingbeetle.com,21-oct-2021,1634774400.0
boredborder.com,boredborder.com,07-jan-2022,1641513600.0
boringcoat.com,boringcoat.com,30-nov-2021,1638230400.0
breakfastboat.com,breakfastboat.com,07-jan-2022,1641513600.0
broadcastbed.com,broadcastbed.com,22-jan-2022,1642809600.0
bucketbean.com,bucketbean.com,05-oct-2021,1633392000.0
bulbbait.com,bulbbait.com,08-oct-2021,1633651200.0
bustlinganimal.com,bustlinganimal.com,30-nov-2021,1638230400.0
calculatorcamera.com,calculatorcamera.com,05-oct-2021,1633392000.0
calmcactus.com,calmcactus.com,07-jan-2022,1641513600.0
calmfoot.com,calmfoot.com,15-nov-2021,1636934400.0
campingforthefunofit.com,campingforthefunofit.com,14-jan-2022,1642118400.0
capablecows.com,capablecows.com,05-oct-2021,1633392000.0
caringzinc.com,caringzinc.com,08-oct-2021,1633651200.0
carriagecan.com,carriagecan.com,08-oct-2021,1633651200.0
chairscrack.com,chairscrack.com,25-oct-2021,1635120000.0
channelcamp.com,channelcamp.com,08-oct-2021,1633651200.0
chewcoat.com,chewcoat.com,08-oct-2021,1633651200.0
chinsnakes.com,chinsnakes.com,25-oct-2021,1635120000.0
clearcabbage.com,clearcabbage.com,07-jan-2022,1641513600.0
clearcomb.com,clearcomb.com,22-jan-2022,1642809600.0
cloisteredhydrant.com,cloisteredhydrant.com,30-nov-2021,1638230400.0
coinhiveproxy.com,coinhiveproxy.com,31-aug-2021,1630368000.0
colorfulafterthought.com,colorfulafterthought.com,08-oct-2021,1633651200.0
comfortablecheese.com,comfortablecheese.com,22-jan-2022,1642809600.0
commonswing.com,commonswing.com,30-nov-2021,1638230400.0
completecabbage.com,completecabbage.com,25-oct-2021,1635120000.0
complextoad.com,complextoad.com,21-oct-2021,1634774400.0
concernedcondition.com,concernedcondition.com,30-nov-2021,1638230400.0
coordinatedcub.com,coordinatedcub.com,05-oct-2021,1633392000.0
copycarpenter.com,copycarpenter.com,25-oct-2021,1635120000.0
copyrightaccesscontrols.com,copyrightaccesscontrols.com,24-jan-2022,1642982400.0
crabbychin.com,crabbychin.com,21-oct-2021,1634774400.0
creativecommons.org,creativecommons.org,15-jan-2022,1642204800.0
crypto-loot.com,crypto-loot.com,04-oct-2021,1633305600.0
ctoid.net,ctoid.net,04-sep-2021,1630713600.0
cubchannel.com,cubchannel.com,08-oct-2021,1633651200.0
curtaincows.com,curtaincows.com,21-oct-2021,1634774400.0
damdoor.com,damdoor.com,08-oct-2021,1633651200.0
dapperfloor.com,dapperfloor.com,08-oct-2021,1633651200.0
dashingdirt.com,dashingdirt.com,05-oct-2021,1633392000.0
dashingsweater.com,dashingsweater.com,13-dec-2021,1639353600.0
debonairway.com,debonairway.com,13-dec-2021,1639353600.0
decidedrum.com,decidedrum.com,08-oct-2021,1633651200.0
decisivedrawer.com,decisivedrawer.com,25-oct-2021,1635120000.0
delegatediscussion.com,delegatediscussion.com,21-oct-2021,1634774400.0
delightfulhour.com,delightfulhour.com,08-oct-2021,1633651200.0
desertedbreath.com,desertedbreath.com,30-nov-2021,1638230400.0
detailedgovernment.com,detailedgovernment.com,30-nov-2021,1638230400.0
detectdinner.com,detectdinner.com,07-jan-2022,1641513600.0
detectdiscovery.com,detectdiscovery.com,21-oct-2021,1634774400.0
dispensablestranger.com,dispensablestranger.com,30-nov-2021,1638230400.0
doubleclick.net,doubleclick.net,17-jan-2022,1642377600.0
drabsize.com,drabsize.com,30-nov-2021,1638230400.0
drydrum.com,drydrum.com,08-oct-2021,1633651200.0
earthquakescarf.com,earthquakescarf.com,05-oct-2021,1633392000.0
earthycopy.com,earthycopy.com,05-oct-2021,1633392000.0
economicpizzas.com,economicpizzas.com,13-dec-2021,1639353600.0
encouragingwilderness.com,encouragingwilderness.com,13-dec-2021,1639353600.0
endurableshop.com,endurableshop.com,13-dec-2021,1639353600.0
enthusiasticdad.com,enthusiasticdad.com,30-nov-2021,1638230400.0
enviousthread.com,enviousthread.com,30-nov-2021,1638230400.0
exclusive-vouchers.com,exclusive-vouchers.com,05-jan-2022,1641340800.0
excuseearthquake.com,excuseearthquake.com,07-jan-2022,1641513600.0
ezoic.net,ezoic.net,10-jan-2022,1641772800.0
facilitategrandfather.com,facilitategrandfather.com,05-oct-2021,1633392000.0
fadedprofit.com,fadedprofit.com,13-dec-2021,1639353600.0
farmergoldfish.com,farmergoldfish.com,05-oct-2021,1633392000.0
faultycanvas.com,faultycanvas.com,25-oct-2021,1635120000.0
fearfowl.com,fearfowl.com,08-oct-2021,1633651200.0
finalizeforce.com,finalizeforce.com,07-jan-2022,1641513600.0
firebog.net,firebog.net,24-jun-2021,1624492800.0
flakyfeast.com,flakyfeast.com,25-oct-2021,1635120000.0
flimsycircle.com,flimsycircle.com,30-nov-2021,1638230400.0
foregoingfowl.com,foregoingfowl.com,08-oct-2021,1633651200.0
fourarithmetic.com,fourarithmetic.com,13-dec-2021,1639353600.0
frightenedpotato.com,frightenedpotato.com,30-nov-2021,1638230400.0
functionalcrown.com,functionalcrown.com,13-dec-2021,1639353600.0
funnyairplane.com,funnyairplane.com,07-jan-2022,1641513600.0
futuristicfifth.com,futuristicfifth.com,07-jan-2022,1641513600.0
fuzzyweather.com,fuzzyweather.com,05-oct-2021,1633392000.0
gammamaximum.com,gammamaximum.com,05-oct-2021,1633392000.0
giftedglue.com,giftedglue.com,08-oct-2021,1633651200.0
gleamingtrade.com,gleamingtrade.com,08-oct-2021,1633651200.0
glossysense.com,glossysense.com,13-dec-2021,1639353600.0
googlesyndication.com,googlesyndication.com,21-jan-2022,1642723200.0
googletagservices.com,googletagservices.com,17-dec-2021,1639699200.0
gracefulsock.com,gracefulsock.com,05-oct-2021,1633392000.0
highfalutinroom.com,highfalutinroom.com,30-nov-2021,1638230400.0
hilariouszinc.com,hilariouszinc.com,22-jan-2022,1642809600.0
hurtteeth.com,hurtteeth.com,30-nov-2021,1638230400.0
importedincrease.com,importedincrease.com,21-oct-2021,1634774400.0
impulsehands.com,impulsehands.com,05-oct-2021,1633392000.0
ink1001.com,ink1001.com,07-jan-2022,1641513600.0
innocentinvention.com,innocentinvention.com,08-oct-2021,1633651200.0
inquisitiveinvention.com,inquisitiveinvention.com,05-oct-2021,1633392000.0
insnw.net,insnw.net,07-dec-2022,1670371200.0
instartlogic.com,instartlogic.com,08-sep-2022,1662595200.0
instrumentsponge.com,instrumentsponge.com,22-jan-2022,1642809600.0
investigatepin.com,investigatepin.com,07-jan-2022,1641513600.0
invisioncloudstats.com,invisioncloudstats.com,28-dec-2021,1640649600.0
invitesugar.com,invitesugar.com,05-oct-2021,1633392000.0
jadeitite.com,jadeitite.com,21-oct-2021,1634774400.0
justicejudo.com,justicejudo.com,05-oct-2021,1633392000.0
knottysticks.com,knottysticks.com,07-jan-2022,1641513600.0
laughablecopper.com,laughablecopper.com,30-nov-2021,1638230400.0
laughcloth.com,laughcloth.com,05-oct-2021,1633392000.0
liquidroll.com,liquidroll.com,23-dec-2021,1640217600.0
lizardslaugh.com,lizardslaugh.com,25-oct-2021,1635120000.0
massivemark.com,massivemark.com,08-oct-2021,1633651200.0
mellowtin.com,mellowtin.com,12-jan-2022,1641945600.0
memorizeneck.com,memorizeneck.com,05-oct-2021,1633392000.0
memorycobweb.com,memorycobweb.com,05-oct-2021,1633392000.0
minormeeting.com,minormeeting.com,05-oct-2021,1633392000.0
modifyeyes.com,modifyeyes.com,21-oct-2021,1634774400.0
neighborlywatch.com,neighborlywatch.com,30-nov-2021,1638230400.0
nondescriptstocking.com,nondescriptstocking.com,05-oct-2021,1633392000.0
opencache.com,opencache.com,17-dec-2022,1671235200.0
optimallimit.com,optimallimit.com,30-nov-2021,1638230400.0
owlsr.us,owlsr.us,21-jan-2022,1642723200.0
panoramicbutter.com,panoramicbutter.com,07-jan-2022,1641513600.0
parchedangle.com,parchedangle.com,13-dec-2021,1639353600.0
partplanes.com,partplanes.com,08-oct-2021,1633651200.0
peacepowder.com,peacepowder.com,31-dec-2021,1640908800.0
perceivequarter.com,perceivequarter.com,25-oct-2021,1635120000.0
perpetualpail.com,perpetualpail.com,08-oct-2021,1633651200.0
photographpan.com,photographpan.com,22-jan-2022,1642809600.0
pietexture.com,pietexture.com,22-jan-2022,1642809600.0
piquantstove.com,piquantstove.com,13-dec-2021,1639353600.0
possessivebucket.com,possessivebucket.com,30-nov-2021,1638230400.0
presetrabbits.com,presetrabbits.com,25-oct-2021,1635120000.0
previousplayground.com,previousplayground.com,25-oct-2021,1635120000.0
previouspotato.com,previouspotato.com,05-oct-2021,1633392000.0
purchasesuggestion.com,purchasesuggestion.com,08-oct-2021,1633651200.0
quacksquirrel.com,quacksquirrel.com,08-oct-2021,1633651200.0
quarterbean.com,quarterbean.com,05-oct-2021,1633392000.0
quicksandear.com,quicksandear.com,22-jan-2022,1642809600.0
railwayrainstorm.com,railwayrainstorm.com,05-oct-2021,1633392000.0
rainyhand.com,rainyhand.com,08-oct-2021,1633651200.0
rainystretch.com,rainystretch.com,07-jan-2022,1641513600.0
rapidkittens.com,rapidkittens.com,13-dec-2021,1639353600.0
realizerecess.com,realizerecess.com,08-oct-2021,1633651200.0
receptiveink.com,receptiveink.com,22-jan-2022,1642809600.0
reflectivereward.com,reflectivereward.com,05-oct-2021,1633392000.0
resolutekey.com,resolutekey.com,22-jan-2022,1642809600.0
respectrain.com,respectrain.com,08-oct-2021,1633651200.0
rhetoricalloss.com,rhetoricalloss.com,08-oct-2021,1633651200.0
rhymezebra.com,rhymezebra.com,08-oct-2021,1633651200.0
ringsrecord.com,ringsrecord.com,25-oct-2021,1635120000.0
robustbelieve.com,robustbelieve.com,13-dec-2021,1639353600.0
rodeopolice.com,rodeopolice.com,07-jan-2022,1641513600.0
roughroll.com,roughroll.com,30-nov-2021,1638230400.0
rulerabbit.com,rulerabbit.com,19-sep-2021,1632009600.0
ruthlessmilk.com,ruthlessmilk.com,08-oct-2021,1633651200.0
scratchsofa.com,scratchsofa.com,08-oct-2021,1633651200.0
screechingfurniture.com,screechingfurniture.com,30-nov-2021,1638230400.0
scrubswim.com,scrubswim.com,25-oct-2021,1635120000.0
selectionship.com,selectionship.com,08-oct-2021,1633651200.0
selectivesummer.com,selectivesummer.com,25-oct-2021,1635120000.0
selfishsea.com,selfishsea.com,08-oct-2021,1633651200.0
shakytaste.com,shakytaste.com,22-jan-2022,1642809600.0
shyseed.com,shyseed.com,08-oct-2021,1633651200.0
sleepcartoon.com,sleepcartoon.com,05-oct-2021,1633392000.0
slimyscarf.com,slimyscarf.com,08-oct-2021,1633651200.0
slipperysack.com,slipperysack.com,30-nov-2021,1638230400.0
sombersea.com,sombersea.com,08-oct-2021,1633651200.0
spendpest.com,spendpest.com,08-oct-2021,1633651200.0
spuriousbase.com,spuriousbase.com,08-oct-2021,1633651200.0
spurioussteam.com,spurioussteam.com,22-jan-2022,1642809600.0
squashfriction.com,squashfriction.com,08-oct-2021,1633651200.0
stakingscrew.com,stakingscrew.com,30-nov-2021,1638230400.0
standtrouble.com,standtrouble.com,08-oct-2021,1633651200.0
statuesquebrush.com,statuesquebrush.com,08-oct-2021,1633651200.0
steadfastsound.com,steadfastsound.com,05-oct-2021,1633392000.0
steadfastsystem.com,steadfastsystem.com,05-oct-2021,1633392000.0
stormyshock.com,stormyshock.com,12-jan-2022,1641945600.0
straightnest.com,straightnest.com,22-jan-2022,1642809600.0
structurerod.com,structurerod.com,05-oct-2021,1633392000.0
suddensidewalk.com,suddensidewalk.com,25-oct-2021,1635120000.0
suddensnake.com,suddensnake.com,08-oct-2021,1633651200.0
supervisegoldfish.com,supervisegoldfish.com,08-oct-2021,1633651200.0
symbolizebeast.com,symbolizebeast.com,08-oct-2021,1633651200.0
systemizecoat.com,systemizecoat.com,08-oct-2021,1633651200.0
talentedsteel.com,talentedsteel.com,13-dec-2021,1639353600.0
tangibleteam.com,tangibleteam.com,05-oct-2021,1633392000.0
tastefulsongs.com,tastefulsongs.com,13-dec-2021,1639353600.0
teenyvolcano.com,teenyvolcano.com,13-dec-2021,1639353600.0
tempttalk.com,tempttalk.com,08-oct-2021,1633651200.0
texturetrick.com,texturetrick.com,08-oct-2021,1633651200.0
thinkablerice.com,thinkablerice.com,13-dec-2021,1639353600.0
threechurch.com,threechurch.com,13-dec-2021,1639353600.0
timetwig.com,timetwig.com,08-oct-2021,1633651200.0
torpidtongue.com,torpidtongue.com,08-oct-2021,1633651200.0
toweringrun.com,toweringrun.com,13-dec-2021,1639353600.0
tranquilside.com,tranquilside.com,30-nov-2021,1638230400.0
truckstomatoes.com,truckstomatoes.com,22-jan-2022,1642809600.0
unequalbrake.com,unequalbrake.com,08-oct-2021,1633651200.0
untidyquestion.com,untidyquestion.com,30-nov-2021,1638230400.0
untidyrice.com,untidyrice.com,08-oct-2021,1633651200.0
uttermosthobbies.com,uttermosthobbies.com,13-dec-2021,1639353600.0
waggishpig.com,waggishpig.com,08-oct-2021,1633651200.0
waryfog.com,waryfog.com,13-dec-2021,1639353600.0
wellgroomedbat.com,wellgroomedbat.com,13-dec-2021,1639353600.0
wellmadefrog.com,wellmadefrog.com,30-nov-2022,1669766400.0
wreckvolcano.com,wreckvolcano.com,08-oct-2021,1633651200.0
wryfinger.com,wryfinger.com,30-nov-2021,1638230400.0
zealousfield.com,zealousfield.com,05-oct-2021,1633392000.0
delightdriving.com,delightdriving.com,18-feb-2022,1645138800.0
scarcestream.com,scarcestream.com,10-mar-2023,1678402800.0
shortyz.co,shortyz.co,15-apr-2022,1649980800.0
ac24horas.com,ac24horas.com,01-nov-2022,1667260800.0
adbigline.network,adbigline.network,09-jun-2022,1654732800.0
adserverhd.com,adserverhd.com,02-dec-2021,1638403200.0
adstdg.net,adstdg.net,10-feb-2022,1644451200.0
asianmedia.com,asianmedia.com,09-sep-2025,1757376000.0
bibugal.network,bibugal.network,08-jun-2022,1654646400.0
galikos.com,galikos.com,15-jan-2022,1642204800.0
hoshiwa.com,hoshiwa.com,05-oct-2021,1633392000.0
lakewoodmediagroup.net,lakewoodmediagroup.net,30-apr-2022,1651276800.0
line2lime.com,line2lime.com,04-jun-2021,1622764800.0
mtrck.info,mtrck.info,17-jan-2022,1642377600.0
ngex.com,ngex.com,07-dec-2021,1638835200.0
reticulumlyn.com,reticulumlyn.com,09-jun-2021,1623196800.0
sbplus.hr,sbplus.hr,17-dec-2021,1639699200.0
skyrisecities.com,skyrisecities.com,13-jun-2021,1623542400.0
theleader.info,theleader.info,23-mar-2022,1647993600.0
topwindstar.com,topwindstar.com,30-apr-2022,1651276800.0
tucanastar.com,tucanastar.com,09-jun-2021,1623196800.0
urbantoronto.ca,urbantoronto.ca,27-mar-2022,1648339200.0
visualise.click,visualise.click,01-feb-2022,1643673600.0
wetral.com,wetral.com,04-jun-2021,1622764800.0
spillvacation.com,spillvacation.com,16-aug-2022,1660608000.0
